{"cameraMode":{"drawMode":0,"name":"Shaded","section":"Shading Mode"},"sceneLighting":true,"audioPlay":false,"sceneViewState":{"m_AlwaysRefresh":false,"showFog":true,"showSkybox":true,"showFlares":true,"showImageEffects":true,"showParticleSystems":true,"showVisualEffectGraphs":true,"m_FxEnabled":true},"in2DMode":false,"pivot":{"x":-89.47260284423828,"y":51.22056579589844,"z":-61.38771057128906},"rotation":{"x":0.1878768652677536,"y":0.0052995807491242889,"z":-0.0010155858471989632,"w":0.9821892976760864},"size":24.23631477355957,"orthographic":true}